{
  "val_results": {
    "mse": 0.021211104467511177,
    "psnr": 16.73436715024956,
    "baseline_mse": 0.04482709988951683,
    "pred_range": [
      0.0,
      1.0
    ],
    "mse_per_t": [
      0.17622335255146027,
      0.011132992804050446,
      0.004027940798550844,
      0.0031767296604812145,
      0.002962739672511816,
      0.002896716119721532,
      0.0028715571388602257,
      0.0029139090329408646,
      0.0029416957404464483,
      0.0029634181410074234
    ]
  },
  "test_results": {
    "mse": 0.01644454151391983,
    "psnr": 17.839782278255797,
    "baseline_mse": 0.04065648466348648,
    "pred_range": [
      0.0,
      1.0
    ],
    "mse_per_t": [
      0.12148641049861908,
      0.012847363017499447,
      0.005115567706525326,
      0.0038995384238660336,
      0.0035531618632376194,
      0.0034856959246098995,
      0.0034923478960990906,
      0.0034970601554960012,
      0.0035200179554522038,
      0.0035482365638017654
    ]
  },
  "data": {
    "train_sequences": 34852,
    "val_sequences": 3961,
    "test_sequences": 3020,
    "resolution": "128x160x3",
    "frames_per_sequence": 10
  },
  "config": {
    "lr": 0.001,
    "lr_drop_epoch": 75,
    "batch_size": 4,
    "epochs": 150,
    "patience": 15,
    "architecture": "stack_sizes=(3, 48, 96, 192)"
  },
  "training": {
    "epochs_trained": 28,
    "best_val_loss": 0.01808842271566391,
    "training_time_seconds": 20356.654966831207
  }
}